{"name":null,"assets":"aoy4:pathy21:assets%2Fa_bottom.pngy4:sizei693y4:typey5:IMAGEy2:idR1y7:preloadtgoR0y18:assets%2Fa_top.pngR2i553R3R4R5R7R6tgoR2i134264R3y5:MUSICR5y18:assets%2Fbegin.mp3y9:pathGroupaR9hR6tgoR0y15:assets%2Fbg.pngR2i229147R3R4R5R11R6tgoR0y20:assets%2Fblood_0.pngR2i3209R3R4R5R12R6tgoR0y20:assets%2Fblood_1.pngR2i3084R3R4R5R13R6tgoR0y20:assets%2Fblood_2.pngR2i3252R3R4R5R14R6tgoR0y20:assets%2Fblood_3.pngR2i3282R3R4R5R15R6tgoR2i28939R3R8R5y21:assets%2Fbody_hit.mp3R10aR16hR6tgoR0y17:assets%2Fdisc.pngR2i4580R3R4R5R17R6tgoR0y24:assets%2Fdisc_bloody.pngR2i7298R3R4R5R18R6tgoR0y23:assets%2Fdisc_floor.pngR2i28214R3R4R5R19R6tgoR0y21:assets%2Fdisc_man.pngR2i804R3R4R5R20R6tgoR0y26:assets%2Fdisc_man_dead.pngR2i585R3R4R5R21R6tgoR0y28:assets%2Fdisc_man_shadow.pngR2i299R3R4R5R22R6tgoR0y27:assets%2Fdisc_man_sheet.pngR2i2938R3R4R5R23R6tgoR2i4208R3y4:FONTy9:classNamey40:__ASSET__assets_disc_numbers_regular_ttfR5y33:assets%2FDisc_numbers-Regular.ttfR6tgoR2i3684R3R24R25y44:__ASSET__assets_disc_numbers_alt_regular_ttfR5y37:assets%2FDisc_numbers_alt-Regular.ttfR6tgoR2i29566R3R8R5y23:assets%2Fdisc_spawn.mp3R10aR30hR6tgoR2i10828R3R24R25y37:__ASSET__assets_disc_text_regular_ttfR5y30:assets%2FDisc_text-Regular.ttfR6tgoR0y17:assets%2Ficon.pngR2i4580R3R4R5R33R6tgoR0y17:assets%2Flogo.pngR2i30789R3R4R5R34R6tgoR0y21:assets%2Fl_bottom.pngR2i703R3R4R5R35R6tgoR0y18:assets%2Fl_top.pngR2i415R3R4R5R36R6tgoR0y22:assets%2Fmenu_disc.pngR2i2083R3R4R5R37R6tgoR2i24550R3R8R5y22:assets%2Fmetal_hit.mp3R10aR38hR6tgoR2i1366169R3R8R5y18:assets%2Fmusic.mp3R10aR39hR6tgoR0y16:assets%2Fpeg.pngR2i3460R3R4R5R40R6tgoR0y21:assets%2Fp_bottom.pngR2i895R3R4R5R41R6tgoR0y18:assets%2Fp_top.pngR2i560R3R4R5R42R6tgoR0y23:assets%2Fscrew_hole.pngR2i227R3R4R5R43R6tgoR0y18:assets%2Ftitle.pngR2i3279R3R4R5R44R6tgoR0y21:assets%2Fy_bottom.pngR2i949R3R4R5R45R6tgoR0y18:assets%2Fy_top.pngR2i534R3R4R5R46R6tgh","rootPath":null,"version":2,"libraryArgs":[],"libraryType":null}